"","state","GEOID","coc","cdbg_entitlement","elderly","grrp_comp","grrp_elements","grrp_leading","home","hcv","hud_disability","hud_esg","hud_hopwa","hud_htf","public_hsg","public_hsg_cap","s8_project","NAME","total_pop","ALAND","AWATER","percent_urban","percent_rural","percent_poc","poverty_rate","pop_density","med_hh_income","employment_access_index","housing_cost_burden","overcrowded_housing","vacancy_rate","incomplete_plumbing","incomplete_kitchen","housing_units","permits","capacity_housing","hud_pbs8","hud_hcv","hud_202","hud_ph","age_under_18","age_over_64","Total Year-Round Beds (ES, TH, SH)","Total Year-Round Beds (ES)...6","Total Year-Round Beds (TH)...7","Total Year-Round Beds (SH)...8","Total Year-Round Beds (OPH)","Total Year-Round Beds (PSH)","Total Year-Round Beds (RRH)","Number of CoCs","Overall Homeless","Overall Homeless - Under 18","Overall Homeless - Age 18 to 24","Overall Homeless - Age 25 to 34","Overall Homeless - Age 35 to 44","Overall Homeless - Age 45 to 54","Overall Homeless - Age 55 to 64","Overall Homeless - Over 64","Overall Homeless - Woman","Overall Homeless - Man","Overall Homeless - Transgender","Overall Homeless - Non Binary","Overall Homeless - More Than One Gender","Overall Homeless - Gender Questioning","Overall Homeless - Culturally Specific Identity","Overall Homeless - Different Identity","Overall Homeless - Non-Hispanic/Latina/e/o","Overall Homeless - Hispanic/Latina/e/o","Overall Homeless - Asian or Asian American","Overall Homeless - Black, African American, or African","Overall Homeless - Middle Eastern or North African","Overall Homeless - White","Overall Homeless - Native Hawaiian or Other Pacific Islander","Overall Homeless Veterans","Overall Chronically Homeless","Overall Homeless People in Families","Overall Homeless Individuals","Overall Homeless Unaccompanied Youth (Under 25)","Overall Homeless Parenting Youth (Under 25)","Sheltered Total Homeless","Sheltered ES Homeless","Sheltered TH Homeless","Sheltered SH Homeless","Unsheltered Homeless","funding_tot"
"1","AK",2,9916763,9163089,3663454,0,0,0,7552330,1.12e+08,3434068,845811,924965,6048846,20591074,7004695,17515595,"Alaska",736990,1.47894e+12,2.45378e+11,0.648994874,0.999431807,0.403005468,0.103369959,1.290657211,77790,10395,0.44193237,0.008002414,0.198501743,0.104708358,0.086226717,0.431986865,0.001793234,0.003834516,0.00159975,0.006061141,0.000331076,0.001647241,0.248794421,0.118901206,2039,1438,601,0,374,1132,383,2,2686,443,228,495,624,390,368,138,1094,1570,9,5,4,1,0,3,2532,154,39,200,6,767,129,106,651,667,2019,197,10,2207,1742,465,0,479,86660690
"2","AL",1,34065588,87998436,15512487,0,0,5280000,38443648,5.32e+08,4643293,7683038,23246751,10919930,2.74e+08,2.03e+08,2.81e+08,"Alabama",4893186,1.31175e+11,4591897964,0.577372395,0.958665498,0.347634241,0.159828938,96.61383577,52035,8260,0.472532368,0.001369867,0.168205751,0.043617903,0.047260436,0.463991763,0.002946525,0.001707476,0.004170085,0.006676836,0.000414658,0.006243376,0.223353864,0.169099233,2205,1701,494,10,16,2218,402,9,4601,761,276,784,847,857,737,339,1881,2684,20,3,8,4,1,0,4345,256,17,2389,2,1904,13,291,831,1171,3430,182,23,1903,1408,435,60,2698,985793171
"3","AR",5,7607180,52782116,10704911,2960000,0,0,26492490,2.67e+08,7129315,4595625,8340003,7574475,62079918,64035560,1.05e+08,"Arkansas",3011873,1.34661e+11,3121950081,0.55476131,0.979077465,0.284465514,0.160826519,57.92892917,49475,6961,0.434541217,0.002792719,0.151643235,0.044586883,0.046963352,0.458112942,0.003092134,0.001907119,0.003731897,0.007197183,0.000499357,0.003411498,0.233353797,0.169368695,2036,1579,457,0,8,594,308,5,2783,328,225,513,603,483,437,194,1114,1650,8,6,0,4,1,0,2690,93,29,426,0,1139,16,226,1094,748,2035,125,16,1449,1114,335,0,1334,359301593
"4","AZ",4,1.02e+08,1.11e+08,16495267,0,0,0,51935636,5.41e+08,4263195,9727126,16579886,17709485,39908204,22805437,1.31e+08,"Arizona",7174064,2.94364e+11,855871553,0.8928516,0.980963039,0.458644082,0.141241714,63.12264495,61529,26285,0.475162653,0.003618783,0.130620816,0.015993909,0.01906173,0.423831597,0.004602285,0.001189981,0.001243786,0.002832843,0.000262613,0.000584745,0.228551766,0.175939886,8884,6967,1831,86,1270,9360,2648,3,14737,1904,1017,2789,3170,2513,2299,1045,5284,9325,49,31,28,3,9,8,10683,4054,79,3136,38,7857,105,994,3840,3097,11640,821,49,7446,5796,1580,70,7291,523424236
"5","CA",6,1e+09,7.6e+08,2.01e+08,5120000,331635,0,3.97e+08,1.12e+10,36795230,67230299,1.47e+08,1.94e+08,2.25e+08,2.05e+08,3.82e+09,"California",39346023,4.03672e+11,20293573058,0.942366327,0.950090451,0.634902236,0.125769599,252.4487813,78672,52975,0.541769141,0.008223999,0.077956181,0.008603791,0.02245192,0.361178689,0.002237687,0.001734279,0.002604812,0.00771524,0.000338408,0.000609439,0.227637772,0.143457879,75938,61387,14078,473,26059,78758,28039,44,187084,15302,10857,33533,42749,38170,33026,13447,62975,119727,798,703,2098,211,152,420,118055,69029,3706,41447,552,68057,1750,9310,70416,25639,161445,9052,850,63110,52415,10259,436,123974,7058477164
"6","CO",8,71011978,74169533,10752873,0,0,0,39827495,8.3e+08,2661256,6438066,8341260,16505010,63818648,41392861,4.73e+08,"Colorado",5684926,2.68419e+11,1185716938,0.860267066,0.984786212,0.324978021,0.097816196,54.85448848,75231,29579,0.511913803,0.001435387,0.094847402,0.009643546,0.014245532,0.415374272,0.005572676,0.001958513,0.002954128,0.005417133,0.000257523,0.001097464,0.221468318,0.142189538,11392,8215,3114,63,5267,7257,2035,4,18715,4781,1264,3577,3804,2793,1890,606,7343,11065,43,136,87,8,9,24,14363,4352,103,4121,8,8967,219,978,4639,8519,10196,591,143,13924,11620,2263,41,4791,807918980
"7","CT",9,1.37e+08,79957535,28678841,0,743283,0,36471458,8.3e+08,4142279,7037422,4351032,14230700,1.42e+08,82609763,4.45e+08,"Connecticut",3570549,12541690473,1816424193,0.862507294,0.654450692,0.3396136,0.097825889,737.3593393,79855,23160,0.513871985,0.001354085,0.089246706,0.011843947,0.015090728,0.426040645,0.001389462,0.001459719,0.006562016,0.010925771,0.000529891,0.003563878,0.206014257,0.172372932,2491,2041,422,28,966,7643,1470,2,3410,677,263,485,616,576,581,212,1394,2000,10,1,4,1,0,0,2290,1120,20,1188,6,1585,13,174,84,1108,2302,174,34,2836,2467,349,20,574,982222313
"8","DC",11,46522434,30671664,4576463,0,1500000,7860000,12205669,5.8e+08,2303529,2654770,47460223,6048846,1.29e+08,48797936,2.85e+08,"District of Columbia",701974,158316124,18709762,1,0,0.632761327,0.154525033,11484.07649,90842,189361,0.455247071,0.002948246,0.096759944,0.011864332,0.014201484,0.4547063,NA,0.004451732,0.013962056,0.016953619,0.000586916,0.010510361,0.179562206,0.122386299,5218,3505,1693,20,5842,11856,10156,1,5616,1044,583,1018,947,708,870,446,2167,3350,38,27,24,3,1,6,5005,611,54,4633,8,634,21,213,1416,1656,3960,420,139,4716,3308,1404,4,900,624601534
"9","DE",10,17995984,15226944,5102957,0,0,0,9669102,1.06e+08,3331185,1311222,4116618,6048846,26060842,14528762,1.2e+08,"Delaware",967679,5046731559,1399179670,0.82612117,0.779504449,0.384882797,0.114357684,496.6166889,69110,18865,0.49199406,0.000838381,0.153921421,0.009203126,0.012124861,0.453082065,0.005626877,0.001599704,0.004858016,0.004575898,0.000436095,0.002144306,0.211027624,0.1881037,1166,849,317,0,311,728,295,1,1358,353,75,184,239,201,217,89,589,767,1,0,1,0,0,0,1258,100,6,818,3,409,2,89,238,555,803,29,27,1120,888,232,0,238,223392462
"10","FL",12,2.09e+08,3.06e+08,88264094,0,0,0,1.54e+08,2.76e+09,20331453,26710331,1.18e+08,56135743,2.9e+08,1.63e+08,7.91e+08,"Florida",21216924,1.38962e+11,45972570361,0.915341946,0.851790676,0.465934742,0.133355228,395.4554368,57703,22674,0.563459751,0.002052624,0.170566381,0.008886647,0.013468901,0.45069323,0.004981906,0.001461333,0.002020415,0.00487064,0.000347317,0.001155116,0.198635957,0.204926595,17974,12690,5142,142,4577,17304,7514,27,31362,4911,1574,4691,5671,5568,6050,2897,11491,19650,73,48,70,11,13,6,26692,4670,126,12321,36,14355,79,2333,6860,7563,23799,1367,198,14494,10229,4155,110,16868,2222441621
"11","GA",13,96419176,1.65e+08,24791896,0,750000,0,85261653,1.38e+09,4952338,14493449,77808207,28508443,2.22e+08,1.67e+08,5.33e+08,"Georgia",10516579,1.49487e+11,4418360134,0.740669729,0.919222927,0.479080697,0.142754378,182.2105351,61224,19655,0.490849355,0.001316097,0.115346071,0.020720955,0.027217978,0.411699945,0.003997626,0.001355384,0.003552771,0.005152341,0.000255026,0.002478087,0.238225187,0.138767654,8116,5268,2848,0,686,8088,3148,9,12290,1724,687,2027,2569,2234,2274,775,4547,7618,50,13,48,4,2,8,11657,633,68,7238,13,4218,37,646,1708,2728,9562,578,82,5617,3707,1910,0,6673,1419985162
"12","HI",15,32674398,26266523,6705245,0,0,0,12558171,3.95e+08,2264272,2305324,6333312,6810836,60510409,29928216,70198355,"Hawaii",1420074,16634147169,11777652105,0.860630082,0.952915827,0.784264764,0.092626759,221.1111457,83173,27391,0.546900831,0.009347512,0.143877008,0.013624945,0.02569657,0.384889097,0.002629319,0.001747796,0.002242137,0.008265766,0.000409838,0.003323066,0.212838908,0.183939006,3164,2173,943,48,1000,2877,867,2,11637,2253,705,1742,2161,1827,1883,1066,5058,6493,33,14,7,0,1,31,10394,1243,2052,301,7,2131,3869,283,1762,4492,7145,351,133,7595,6975,585,35,4042,256555061
"13","IA",19,25770665,75780517,2841951,0,0,7500000,26490584,2.46e+08,1186033,6588558,3705022,7950546,19621699,23466116,1.15e+08,"Iowa",3150011,1.4466e+11,1085964740,0.631535412,0.982509151,0.149861381,0.111130265,56.39813492,61836,10030,0.42734666,0.000869742,0.095096032,0.018189838,0.02497196,0.446925106,0.003554373,0.001546026,0.003750146,0.006001249,0.000324761,0.001253964,0.231264907,0.170602896,2392,1597,768,27,853,1227,1663,3,2631,464,179,504,565,476,344,99,1040,1570,7,9,5,0,0,0,2438,193,30,668,2,1604,15,135,572,728,1903,137,34,2167,1616,531,20,464,315901691
"14","ID",16,7464215,25346551,1783754,0,0,0,13723938,1.09e+08,1072279,2220139,0,6048846,2343317,3429920,62130408,"Idaho",1754367,2.1405e+11,2391569647,0.692421753,0.994210658,0.186299674,0.119372805,21.22782853,58915,10735,0.450061921,0.001667953,0.119488318,0.012469301,0.019675595,0.420328814,0.006379217,0.002005282,0.002164883,0.003630939,0.000212612,0.000347704,0.2534236,0.158315791,2012,1506,506,0,299,939,270,2,2750,599,213,422,499,396,386,235,1182,1548,6,7,3,1,2,1,2127,623,5,99,4,1904,30,209,520,1119,1631,88,12,1376,1031,345,0,1374,125563367
"15","IL",17,2.59e+08,3.21e+08,1.13e+08,0,3463120,5580000,1.22e+08,2.57e+09,25583150,28341216,42419549,48238806,5.41e+08,3.37e+08,1.31e+09,"Illinois",12716164,1.43779e+11,6216493488,0.869274774,0.933279752,0.391525699,0.119875148,229.0669788,68428,49668,0.469531032,0.001834334,0.091064385,0.019606449,0.027500356,0.422563361,0.001428521,0.001251557,0.005119311,0.007473008,0.000429139,0.003299187,0.224551445,0.156527236,26838,23841,2932,65,2029,14197,5205,19,25832,7280,3228,6449,4072,2343,1779,681,10464,15266,54,25,10,7,3,3,11113,14719,90,7030,37,7318,45,559,3727,13522,12310,1947,620,23168,20954,2162,52,2664,3156625841
"16","IN",18,59956692,1.34e+08,21609345,0,353873,0,58540065,5.74e+08,6989191,11709743,14744322,17136936,88300020,83339697,3.87e+08,"Indiana",6696893,92789363558,1541248299,0.71176274,0.932304748,0.215538758,0.129112217,186.9291678,58235,14416,0.460482561,0.001071935,0.103642913,0.024330514,0.032428747,0.433592115,0.002777312,0.001413491,0.004540912,0.005496429,0.000331049,0.001589543,0.234588338,0.156912467,6183,4845,1313,25,1168,4023,1501,2,6285,1109,358,1067,1240,1168,1035,308,2586,3665,9,2,15,1,7,0,5882,403,34,1905,2,3853,45,422,689,1701,4584,273,50,4808,3900,895,13,1477,883679884
"17","KS",20,27018128,51903098,3458985,0,750000,0,24098792,1.64e+08,1765126,4537346,2970108,7713330,58376386,62581800,1.11e+08,"Kansas",2912619,2.11754e+11,1345767737,0.722990388,0.988060302,0.246730177,0.114422566,35.62482252,61091,13795,0.432005512,0.001348529,0.108086218,0.027154523,0.036640799,0.439596116,0.002679926,0.002091588,0.003948337,0.003469729,0.000247544,0.002739459,0.242383916,0.158248298,2181,1597,573,11,784,1589,559,5,2793,429,201,504,646,486,416,111,1019,1731,9,9,17,3,2,3,2485,308,20,629,5,1668,14,211,781,684,2109,156,26,1889,1496,386,7,904,356173099
"18","KY",21,52512243,88035514,10478863,7360000,1500000,0,42608780,5.29e+08,4788996,7684503,12289115,11075350,1.41e+08,1.28e+08,2.73e+08,"Kentucky",4461952,1.02283e+11,2367816964,0.586984524,0.965074726,0.159171143,0.166068647,112.9854451,52238,12935,0.432439918,0.000913588,0.123587027,0.033568908,0.039409312,0.447013773,0.002395316,0.001089658,0.00511906,0.007381074,0.00031735,0.004619727,0.225824706,0.163589389,3656,2842,814,0,1609,3722,1765,3,5231,727,334,882,1145,1054,828,261,2044,3141,21,9,14,2,0,0,5016,215,15,1253,7,3614,9,391,1065,1126,4105,290,29,3515,2923,592,0,1716,780333364
"19","LA",22,1.15e+08,1.01e+08,14604717,0,0,0,42564514,8.78e+08,10470452,8763758,28585058,13416869,1.76e+08,1.1e+08,1.96e+08,"Louisiana",4664616,1.11915e+11,23736382213,0.715416669,0.954840694,0.416749846,0.186494953,107.9522685,50800,13337,0.54074077,0.001543418,0.155547115,0.042980454,0.046195914,0.4447663,0.00310156,0.001651154,0.003363407,0.009489313,0.00043905,0.003365765,0.235294609,0.154255784,2468,1923,478,67,563,5590,1830,7,3469,393,242,544,811,645,609,225,1247,2190,12,7,8,1,0,4,3339,130,21,2076,9,1205,10,223,480,608,2861,205,32,1911,1513,351,47,1558,816405368
"20","MA",25,2.04e+08,1.99e+08,63188431,2e+07,750000,7620000,76464506,3.22e+09,16194848,17559382,23136223,27312723,3.94e+08,2.28e+08,2.42e+09,"Massachusetts",6873003,20204390225,7130660432,0.912798117,0.629360324,0.292154827,0.09845135,881.0505783,84385,53656,0.489666951,0.001688339,0.091324469,0.00849328,0.014739742,0.423833512,0.002135229,0.001902225,0.008627815,0.012880687,0.000557398,0.004564089,0.198162288,0.165366725,21531,19807,1635,89,6352,10751,4175,11,29360,11788,1721,5849,5397,2321,1610,674,15169,14095,27,28,21,1,1,18,20475,8885,242,16011,17,9193,105,550,2881,22394,6966,564,401,27725,26309,1335,81,1635,3697226113
"21","MD",24,1.15e+08,1.04e+08,42009871,0,2196119,2e+07,41905199,1.58e+09,13108668,9006972,30801837,16643682,1.93e+08,70433983,7.23e+08,"Maryland",6037624,25151992308,6979074857,0.856170992,0.811755381,0.498396389,0.090172668,621.7210004,87063,34409,0.492453739,0.001406394,0.093152684,0.01455451,0.018816498,0.407387078,0.002740692,0.001272686,0.004689759,0.008201405,0.000524544,0.001864806,0.222068483,0.154179028,6034,4547,1439,48,2404,7886,1791,10,6069,1209,373,974,1059,955,1010,489,2375,3641,24,10,12,3,0,4,5442,627,84,3494,7,1821,14,312,962,1943,4126,254,52,5033,3925,1075,33,1036,1381106331
"22","ME",23,34095168,35591743,7395080,0,231623,0,12342519,2.45e+08,3115577,3107891,1470555,6048846,37563034,24138218,4.47e+08,"Maine",1340825,79888263364,11745102727,0.386321814,0.986902624,0.073620346,0.1107207,43.46987752,59489,6644,0.456585303,0.00115354,0.237337522,0.035427488,0.034716448,0.556965301,0.002873858,0.002503682,0.00602987,0.008646169,0.000547424,0.002549177,0.187173569,0.206266291,2833,2048,770,15,361,2290,486,1,2702,656,210,465,630,400,232,109,1138,1528,14,10,11,1,0,0,2582,120,11,1179,1,1342,4,115,494,1154,1548,181,16,2429,1682,732,15,273,612100254
"23","MI",26,1.65e+08,2.43e+08,24495412,0,0,13360000,90229680,9.57e+08,5562143,21290235,21992566,27342748,1.53e+08,1.29e+08,9.4e+08,"Michigan",9973907,1.46615e+11,1.03872e+11,0.734743952,0.937921352,0.255194379,0.137104668,176.1928499,59234,18661,0.484683356,0.000741884,0.136929079,0.030421432,0.036631437,0.462397835,0.001679516,0.001303902,0.005728347,0.005491128,0.000324848,0.001886222,0.216741844,0.171732201,8911,6897,1966,48,2432,8640,2814,20,9739,2536,772,1357,1887,1353,1302,532,4206,5442,41,20,14,5,5,6,9050,689,49,4341,28,4359,35,456,1216,3857,5882,565,138,8116,6449,1628,39,1623,1834272784
"24","MN",27,73892152,1.05e+08,19404146,0,714351,0,40187194,6.83e+08,8808614,9119723,9311520,15379049,96942620,93751659,5.65e+08,"Minnesota",5600166,2.06233e+11,18949394733,0.718787052,0.979320855,0.210293052,0.093333779,70.33066334,73382,26891,0.453576794,0.001302996,0.101724552,0.015585652,0.017327697,0.438920918,0.003525908,0.002389929,0.006355704,0.005650011,0.000423916,0.002702598,0.232008123,0.158491016,8178,5924,2254,0,12639,6381,2442,10,9201,2588,1013,1914,1554,1028,798,306,4148,4954,36,40,13,2,7,1,7244,1957,202,2858,19,3638,80,299,2055,4188,5013,782,199,7117,5352,1765,0,2084,1037511028
"25","MO",29,66928905,1.28e+08,25860888,18160000,1849738,0,54133596,5.96e+08,9916699,11190965,15953830,16814524,1.14e+08,95494526,2.91e+08,"Missouri",6124160,1.78052e+11,2487445715,0.694674807,0.970416127,0.21181958,0.130071735,89.08375108,57290,16806,0.445088412,0.001251531,0.129944977,0.031583819,0.037851593,0.457967133,0.002558468,0.001348267,0.004083989,0.005986454,0.000498191,0.002641832,0.225242809,0.168738896,5375,3429,1900,46,1647,5986,1719,8,7312,1423,610,1241,1541,1206,995,296,3100,4077,29,26,46,2,26,6,6900,412,25,2585,9,3967,29,513,1698,2150,5162,501,108,4928,3386,1505,37,2384,849303671
"26","MS",28,13487187,56458331,8319229,0,0,0,26358688,3.81e+08,3752320,5002877,13275149,7433572,59169999,49995055,2.38e+08,"Mississippi",2981835,1.21534e+11,3914344129,0.462904711,0.978336238,0.436273972,0.195776799,63.54646821,46511,4880,0.489537721,0.002344515,0.160961238,0.04966612,0.051597943,0.44632483,0.002228122,0.001583253,0.006245148,0.008442788,0.000327315,0.002822088,0.237176437,0.159053066,765,564,201,0,126,612,948,3,1041,110,68,148,263,199,185,68,409,620,6,0,1,5,0,0,1009,32,3,495,1,488,2,40,84,167,874,44,9,555,378,177,0,486,481252407
"27","MT",30,8444483,17015134,3564567,0,0,0,9062886,86858644,1552150,1483106,1512514,6048846,10760386,9108313,49000528,"Montana",1061705,3.76974e+11,3866634365,0.534185248,0.997992217,0.144035302,0.127812135,7.294458182,56539,6355,0.446097253,0.001018237,0.153232509,0.029249101,0.032367814,0.485027385,0.003998269,0.002432879,0.004019007,0.005113473,0.000427614,0.001335588,0.215303686,0.186604565,2102,1426,676,0,26,708,315,1,2008,336,154,338,420,335,312,113,809,1172,6,8,9,1,0,3,1829,179,11,79,2,1244,16,168,451,542,1466,122,19,1432,927,505,0,576,117552913
"28","NC",37,63722525,1.56e+08,27734002,0,0,0,83618756,9.52e+08,9401801,13679475,33132907,29010916,2.34e+08,1.67e+08,3.38e+08,"North Carolina",10386227,1.25933e+11,13456093195,0.667158554,0.906977831,0.37385424,0.139819059,213.6084214,56642,13391,0.467805006,0.001853114,0.139857678,0.021578487,0.025866619,0.451282453,0.005589968,0.00142506,0.002663335,0.005281129,0.000300013,0.002358027,0.22160078,0.162557009,8368,6539,1803,26,2943,8025,2703,12,11626,2070,737,2020,2296,1945,1869,689,4814,6729,34,9,27,4,3,6,10947,679,47,5761,12,4923,30,688,2085,3230,8396,524,78,7103,5679,1401,23,4523,1155300382
"29","ND",38,5116796,11110002,330687,0,0,0,7070125,97653668,866521,966723,0,6048846,9858955,8944676,25280534,"North Dakota",760394,1.78694e+11,4414779956,0.60966841,0.996881525,0.163218016,0.105309292,11.02092577,65315,9600,0.386307367,0.001408657,0.14796719,0.023606136,0.020220554,0.495265612,0.008229545,0.002229108,0.00323122,0.007855138,7.10158e-05,0.001713585,0.234127308,0.153086426,917,757,160,0,103,544,51,1,865,145,90,161,188,144,104,33,316,535,4,4,5,0,1,0,774,91,5,150,6,384,5,44,116,219,646,83,12,675,544,131,0,190,75593865
"30","NE",31,25642676,35159332,3770567,0,0,0,16585128,1.78e+08,2291113,3102782,3204626,6143063,37374415,39871854,66183985,"Nebraska",1923826,1.98957e+11,1371105730,0.730053571,0.99293807,0.21659911,0.103676609,25.04412998,63015,16391,0.414677705,0.000733047,0.091898352,0.020385005,0.029433294,0.438838024,0.003943144,0.001691421,0.003274205,0.005758317,0.000304601,0.003511752,0.246957365,0.156994967,3034,2231,793,10,677,1295,887,3,2720,460,191,456,519,482,460,152,1033,1671,1,8,7,0,0,0,2307,413,22,630,6,1657,17,129,684,700,2020,154,29,2419,1901,508,10,301,239329541
"31","NH",33,21079291,25273485,9539133,0,750000,0,10998895,2.41e+08,703021,2198270,2808804,6048846,28051201,20718783,1.06e+08,"New Hampshire",1355244,23190115212,1025971768,0.58323273,0.929569139,0.104198949,0.074207972,151.3612858,77923,10847,0.462741796,0.000680744,0.15579907,0.015290999,0.015533713,0.471214778,0.002582815,0.001790821,0.00427008,0.007412687,0.000860362,0.002586988,0.190173135,0.180884033,2175,1357,813,5,502,840,227,3,2245,423,171,404,492,313,294,148,967,1251,14,2,10,0,0,1,2069,176,15,140,0,1962,8,128,635,729,1516,118,30,1666,1182,480,4,579,234169729
"32","NJ",34,1.03e+08,1.75e+08,47040214,0,0,0,80476795,2.04e+09,14406007,15509969,34139893,39111354,3.38e+08,2.13e+08,1.29e+09,"New Jersey",8885418,19048916230,3533083369,0.937537369,0.627412267,0.453170689,0.096709217,1208.124971,85245,67973,0.505565751,0.002947384,0.098292737,0.012158242,0.019855972,0.408391817,0.002887219,0.001485242,0.005486292,0.008583164,0.00042384,0.003100023,0.219849308,0.162393936,8919,6778,2111,30,2932,7815,2768,16,12762,2772,844,2039,2405,2013,1981,708,5414,7263,15,16,47,0,1,6,10095,2667,98,6749,35,4305,91,521,2117,4568,8194,515,207,10995,9576,1390,29,1767,2349684232
"33","NM",35,27180890,36368573,5703760,6400000,0,2300000,17610280,1.82e+08,3602102,3201553,4009761,6587578,29428613,26585825,67022342,"New Mexico",2097021,3.14199e+11,726482113,0.745471358,0.993928859,0.633223034,0.185512601,17.28617026,51243,12422,0.483877571,0.003115717,0.159832678,0.042470707,0.041059044,0.449956391,0.002281181,0.002043375,0.002741031,0.005228846,0.000321408,0.001806849,0.230543233,0.174008749,3182,2537,645,0,148,3805,1047,2,4631,573,328,875,1066,819,604,366,1777,2793,23,12,17,3,4,2,2611,2020,27,342,6,1710,32,298,1871,887,3744,207,25,2389,2017,372,0,2242,236001277
"34","NV",32,31189758,45900828,2205316,0,0,0,25399578,3.97e+08,3561302,3963828,8695929,11454998,29888071,16597476,48472419,"Nevada",3030281,2.84537e+11,1839636284,0.940923091,0.992842079,0.518144027,0.127750461,27.58315562,62043,33146,0.50028081,0.003220323,0.109198578,0.010215737,0.017617989,0.418618933,0.004809384,0.001272489,0.001221669,0.004883045,0.000137281,0.000952387,0.226880939,0.157747747,5858,4696,1162,0,923,2744,2053,3,10106,1106,622,1527,2182,1849,1878,942,3602,6403,40,24,28,2,0,7,8903,1203,190,3638,4,4641,154,644,3203,1702,8404,545,36,5192,4362,830,0,4914,227329503
"35","NY",36,5.11e+08,6.34e+08,2.52e+08,4080000,3838801,0,2.81e+08,6.98e+09,32737286,55743155,1.1e+08,1.15e+08,2.76e+09,1.69e+09,4.09e+09,"New York",19514849,1.22049e+11,19257128505,0.874459099,0.919303347,0.448302316,0.135779615,414.122965,71117,171254,0.514803205,0.004593902,0.113087442,0.013832285,0.019636443,0.428543977,0.001870609,0.002371989,0.005537476,0.012094739,0.000686298,0.009515677,0.208617653,0.165089773,127759,122091,5594,74,21672,52462,4887,24,158019,50773,16967,37545,25349,12929,10433,4023,69285,87943,530,105,77,11,4,64,70357,87662,1494,58371,844,22102,1072,1180,5613,95457,62562,7671,4011,152381,147717,4600,64,5638,10539399242
"36","OH",39,2.16e+08,3.02e+08,80330037,6480000,2250000,0,1.23e+08,1.42e+09,19798560,26390212,22690757,33757780,3.93e+08,2.42e+08,1.08e+09,"Ohio",11675275,1.05824e+11,10274702852,0.762840685,0.897048722,0.217031719,0.136207887,285.7487733,58116,18651,0.440963234,0.000752561,0.0958128,0.025580161,0.035714738,0.446849432,0.001779086,0.001530756,0.00665115,0.007411731,0.000559387,0.003113074,0.222177893,0.170498853,9741,8100,1544,97,518,17665,5752,9,11759,2189,1022,2295,2236,1761,1664,592,4826,6817,37,21,49,3,1,5,11267,492,33,4754,22,5979,53,589,1505,3357,8402,815,144,9380,8241,1069,70,2379,2547697346
"37","OK",40,22504979,55523259,4565977,0,0,0,32962682,3.52e+08,4239355,4871274,6773153,8973493,86751326,63844103,1.45e+08,"Oklahoma",3949342,1.77664e+11,3373725677,0.646219471,0.981228441,0.351001002,0.152729261,57.57381936,53840,11712,0.43964681,0.001685225,0.142106249,0.036568652,0.044997852,0.440825839,0.002984664,0.001687623,0.003278521,0.005602959,0.000282326,0.002766284,0.242159327,0.156784345,3691,2844,811,36,201,1994,1035,8,5467,707,483,977,1205,1040,821,234,2149,3241,25,26,18,2,3,3,4991,476,25,1241,10,2866,19,304,1457,1060,4407,450,59,3251,2599,618,34,2216,436009601
"38","OR",41,96078675,69633191,12443744,0,0,0,40224109,8.11e+08,4275742,6116961,10593085,16036852,34439944,21337071,1.51e+08,"Oregon",4176346,2.48628e+11,6170965739,0.804998329,0.988928482,0.250901625,0.123648927,43.50567267,65667,26006,0.505611352,0.001800827,0.081770742,0.011225057,0.02172507,0.428330172,0.00389836,0.002140388,0.002387733,0.008408068,0.000342405,0.000649611,0.20761594,0.175974883,10459,8228,2226,5,4103,9174,5636,8,22875,2468,1367,3966,5506,4627,3532,1409,8645,13748,101,230,79,48,12,12,20425,2450,114,965,13,12884,277,1407,8413,3952,18923,1315,106,8684,6918,1751,15,14191,462179374
"39","PA",42,2.23e+08,3.74e+08,60289684,26480000,0,5e+06,1.28e+08,1.61e+09,19557293,32720571,33559715,38080484,8.1e+08,4.01e+08,9.59e+08,"Pennsylvania",12794885,1.15882e+11,3397909903,0.764538903,0.90666434,0.243047671,0.119514225,285.9702468,63627,30401,0.466923245,0.00101124,0.106197683,0.024674862,0.031926306,0.446533517,0.001714966,0.001502319,0.004785506,0.005946517,0.000469328,0.004421064,0.207081345,0.18250293,12756,9451,3005,300,903,12938,5529,16,14088,2873,1076,2320,2813,2207,2041,758,5733,8235,43,28,38,5,3,3,12296,1792,81,6394,32,6021,38,719,2272,4564,9524,690,233,11453,9118,2065,270,2635,3110687747
"40","PR",72,41550317,1.09e+08,17256736,0,0,0,50522704,3.86e+08,2938150,9592367,22212716,6101981,5.59e+08,3.53e+08,2.77e+08,"Puerto Rico",3255642,8869135605,4922143005,0.918753428,0.571078955,0.99025845,0.434074877,950.7464235,21058,NA,0.530242281,0.001380055,0.227072083,0.064283681,0.130575086,0.479160792,NA,NA,0.005528863,0.008743283,0.000280743,0.016114487,0.187723343,0.204938381,847,477,358,12,255,1765,342,2,2096,93,54,248,493,463,449,296,541,1546,4,1,1,0,2,1,145,1951,30,471,6,997,5,59,456,169,1927,29,7,531,249,270,12,1565,1448174971
"41","RI",44,24225584,32387431,16580602,0,0,10320000,13565513,2.16e+08,9683615,2863297,4921963,6048846,90785374,59790229,3.95e+08,"Rhode Island",1057798,2677763359,1323686988,0.910524987,0.632738798,0.285583826,0.115812937,1023.131408,70305,27507,0.472918432,0.000909025,0.116258851,0.010349699,0.023143521,0.443647086,0.001001452,0.002124224,0.015344139,0.008337131,0.001194935,0.008541328,0.194218556,0.172514979,1886,1673,213,0,921,1355,609,1,2442,517,142,414,494,379,334,162,1041,1373,7,8,12,0,0,1,1842,600,19,589,6,1310,6,130,936,877,1565,73,22,1908,1738,170,0,534,666172454
"42","SC",45,24172786,76618181,13291606,0,0,0,38071529,4.33e+08,11558232,6648278,21049270,12845493,1.11e+08,85260122,2.41e+08,"South Carolina",5091517,77866200776,5074243221,0.679480309,0.919295974,0.365589666,0.14675625,169.3552997,54864,9577,0.494186417,0.001639577,0.154210318,0.025877577,0.030732453,0.455485467,0.005754395,0.001564367,0.003696737,0.004862991,0.000338995,0.002429924,0.217735696,0.176901305,3147,2252,863,32,342,1498,817,4,4593,543,339,685,924,821,919,362,1666,2908,9,3,5,0,2,0,4434,159,15,2228,3,2123,9,388,959,890,3703,269,29,2747,2049,668,30,1846,641515497
"43","SD",46,4653978,14751788,483234,0,0,0,7145673,75616536,408840,1282774,0,5982970,8776374,7861512,47291815,"South Dakota",879336,1.96343e+11,3386737669,0.57219565,0.99676083,0.18651346,0.12808768,11.59933285,59896,7984,0.388791939,0.002000701,0.12332889,0.030354042,0.030966415,0.451268912,0.005475928,0.001984452,0.005576935,0.00579187,0.000205837,0.001737675,0.245352175,0.166979403,1570,1326,244,0,194,536,376,1,1338,220,154,255,277,216,175,41,508,803,6,3,7,0,11,0,1227,111,9,116,3,383,4,42,151,294,1044,147,15,1111,912,199,0,227,98638958
"44","TN",47,55266809,1e+08,18158101,7040000,2250000,0,56389542,6e+08,5730090,8812808,22875725,16206291,1.55e+08,1.22e+08,8.05e+08,"Tennessee",6772268,1.06792e+11,2322601737,0.662333667,0.929958645,0.26621761,0.14616759,164.2468515,54833,12976,0.470955936,0.001353689,0.119044353,0.025520614,0.035271202,0.442411169,0.00460239,0.001607733,0.006182715,0.005070975,0.000389677,0.002892679,0.222656575,0.16354403,4756,3553,1196,7,1090,4326,2053,10,8280,1013,514,1314,1661,1700,1487,591,3219,4993,13,13,27,3,0,12,7923,357,22,2562,2,5110,22,570,1723,1640,6640,399,72,3932,3166,764,2,4348,1374729366
"45","TX",48,2.43e+08,4.85e+08,51892868,59200000,625502,0,2.13e+08,3.17e+09,15625045,42122792,91575422,69769336,3.13e+08,2.33e+08,1.12e+09,"Texas",28635442,6.76682e+11,18978390713,0.837202752,0.965355361,0.5861605,0.142226701,109.6024774,63826,28275,0.479876063,0.0038646,0.108603232,0.022284042,0.029539435,0.388084633,0.005876743,0.001252748,0.002063108,0.005041759,0.000219344,0.001383845,0.257774334,0.125486766,21721,16551,5035,135,6051,17317,10990,11,27987,4156,1713,4698,5850,5048,4642,1880,10231,17508,77,57,74,5,12,23,20052,7935,291,9684,48,10751,71,1837,5193,6339,21648,1355,221,15648,12026,3496,126,12339,2937810965
"46","UT",49,25027236,43190473,3638813,0,0,0,17610548,2.37e+08,985830,3750692,3091759,6628392,7478042,8875508,1.14e+08,"Utah",3151239,2.13355e+11,6529973239,0.897814108,0.988567929,0.220880422,0.091346075,38.25415352,74197,23474,0.445308613,0.001743169,0.096385976,0.008096408,0.014200685,0.352359501,0.006465319,0.001635547,0.001386756,0.003541464,0.000203729,0.000372869,0.294350571,0.110753262,2960,2348,612,0,1078,3066,1038,3,3869,589,293,597,788,697,654,251,1429,2373,10,36,20,0,1,0,2775,1094,45,325,7,2472,74,121,906,946,2923,240,29,2861,2415,446,0,1008,234277293
"47","VA",51,62359481,1.15e+08,34258677,0,0,14820000,58669742,1.11e+09,7621120,10105820,12910401,23602464,1.59e+08,1.13e+08,5.37e+08,"Virginia",8509358,1.02258e+11,8528040726,0.756345239,0.933090478,0.387810925,0.10013936,215.5256346,76398,25019,0.470854873,0.001312136,0.099968398,0.017210472,0.020567371,0.415752634,0.003517162,0.001721987,0.003633529,0.005733923,0.000271583,0.00159636,0.219593182,0.154458774,4991,4299,651,41,2206,4867,2360,16,7141,1553,442,1166,1282,1084,1167,447,2981,4119,13,12,14,0,0,2,6378,763,100,3454,37,2766,21,389,1036,2476,4665,309,63,5560,5004,526,30,1581,1148347705
"48","VT",50,11154292,16096139,3022584,0,0,0,6907258,1.48e+08,893559,1387585,1497540,6048846,3558343,2323896,63833670,"Vermont",624340,23872569964,1030754609,0.351202111,0.984637657,0.076463145,0.107844477,67.73496018,63477,5842,0.495067457,0.001833732,0.220518721,0.020254201,0.020787986,0.540112759,0.00267195,0.002562706,0.005043726,0.011838101,0.000395618,0.000674312,0.185206778,0.193599641,3578,3454,124,0,295,965,120,2,3458,737,243,568,766,500,445,199,1622,1803,8,11,13,0,1,0,3330,128,15,280,1,2975,9,108,906,1305,2153,131,52,3291,3217,74,0,167,116723712
"49","WA",53,1.72e+08,1.14e+08,29373155,0,0,0,59471019,1.79e+09,6228328,9976403,11557138,25267085,1.36e+08,67074943,3.8e+08,"Washington",7512465,1.72119e+11,12548738684,0.833718459,0.964878071,0.325399985,0.101871933,113.0463305,77006,30651,0.476904642,0.002087533,0.077573635,0.009935579,0.018202688,0.419328942,0.005086877,0.0018251,0.002014785,0.007387588,0.000343296,0.001374516,0.220096733,0.154490437,18291,14286,3929,76,6435,14323,7961,6,31554,4286,1840,6473,7511,5546,4332,1566,11369,19819,79,134,108,9,20,16,25357,6197,487,5290,68,16064,1037,1780,13124,7234,24320,1723,184,15332,12323,2951,58,16222,1010948071
"50","WI",55,65939544,1.2e+08,12187538,0,582887,3780000,53708654,3.92e+08,5514725,10842910,9892358,17671523,47219230,59735632,3.92e+08,"Wisconsin",5806975,1.40292e+11,29343646672,0.670831384,0.967295812,0.19388804,0.109717934,107.2053563,63293,16241,0.432311724,0.000811629,0.122353147,0.016728524,0.024314583,0.466584409,0.002748236,0.00132823,0.005488744,0.004354419,0.000279319,0.001775968,0.219446614,0.169244572,4787,3759,981,47,2222,3993,2061,4,5049,1222,292,787,934,738,748,328,2118,2884,20,8,18,1,0,0,4445,604,41,1607,10,2672,23,351,779,1913,3136,216,51,4539,3693,805,41,510,799075001
"51","WV",54,18299848,42020601,6401488,0,0,0,17385440,1.89e+08,3885900,3652657,3010966,6048846,47184502,36661236,1.09e+08,"West Virginia",1807426,62266298634,489204185,0.446479264,0.977534309,0.084509684,0.170969206,75.18092876,48037,5764,0.476548955,0.001116809,0.178354213,0.068445583,0.058265584,0.494413049,0.001478113,0.002210879,0.006192231,0.007582606,0.000194199,0.003505538,0.202064704,0.199314384,1293,1128,157,8,237,1034,489,4,1779,121,111,343,538,411,205,50,675,1077,10,7,7,2,1,0,1742,37,8,194,1,1478,2,132,386,187,1592,108,2,991,891,93,7,788,293551484
"52","WY",56,1176364,6978050,1076290,0,0,0,7000045,33954395,200172,697947,0,5986334,5065468,4180849,24497832,"Wyoming",581348,2.51459e+11,1867503716,0.620177481,0.998179766,0.164328423,0.107621309,5.9878332,65304,4506,0.408618546,0.001084761,0.162530746,0.034108332,0.031379378,0.479050414,0.003448812,0.002446039,0.003751626,0.004241865,0.000228779,0.001145613,0.231874884,0.164386908,704,480,224,0,0,254,73,1,501,86,66,55,101,90,76,27,212,283,3,1,1,0,0,1,437,64,2,23,1,371,2,37,126,102,399,80,5,412,259,153,0,89,56859351
